{"stats":{"minecraft:mined":{"regions_unexplored:medium_grass":1,"treechop:chopped_log":3,"regions_unexplored:frozen_grass":1,"minecraft:crafting_table":1},"minecraft:used":{"minecraft:wooden_axe":15,"minecraft:crafting_table":1},"minecraft:dropped":{"minecraft:wheat_seeds":1},"minecraft:picked_up":{"minecraft:crafting_table":1,"minecraft:wheat_seeds":1,"minecraft:spruce_sapling":7,"minecraft:spruce_log":28,"twigs:twig":4},"minecraft:crafted":{"minecraft:crafting_table":1,"minecraft:spruce_planks":64,"minecraft:stick":8,"minecraft:wooden_axe":1},"minecraft:custom":{"minecraft:time_since_rest":5368,"minecraft:play_time":5368,"minecraft:sprint_one_cm":16789,"minecraft:damage_taken":120,"minecraft:walk_one_cm":8918,"minecraft:drop":1,"minecraft:jump":136,"minecraft:damage_dealt":138,"minecraft:time_since_death":5368,"minecraft:total_world_time":5368,"minecraft:hex":0,"minecraft:interact_with_crafting_table":1,"minecraft:fall_one_cm":5039,"minecraft:fly_one_cm":41262}},"DataVersion":3465}