{"stats":{"minecraft:mined":{"minecraft:hay_block":3,"minecraft:spruce_planks":1,"minecraft:pumpkin":6,"treechop:chopped_log":3,"regions_unexplored:frozen_grass":3,"minecraft:crafting_table":5,"minecraft:spruce_fence":1,"regions_unexplored:medium_grass":2,"minecraft:stone":9,"minecraft:blue_bed":2},"minecraft:killed_by":{"graveyard:revenant":1},"minecraft:dropped":{"minecraft:wheat_seeds":1,"minecraft:stone_pickaxe":1,"minecraft:wooden_pickaxe":1},"minecraft:picked_up":{"minecraft:crafting_table":5,"minecraft:pumpkin":6,"minecraft:spruce_fence":1,"minecraft:porkchop":4,"minecraft:spruce_sapling":7,"minecraft:spruce_log":28,"minecraft:blue_bed":2,"minecraft:arrow":2,"minecraft:bone":1,"frostiful:frost_tipped_arrow":1,"minecraft:rotten_flesh":2,"graveyard:corruption":1,"minecraft:wheat_seeds":1,"minecraft:spruce_planks":1,"minecraft:hay_block":2,"minecraft:iron_ingot":1,"minecraft:blue_ice":2,"minecraft:stone_pickaxe":1,"twigs:twig":4,"minecraft:cobblestone":9,"friendsandfoes:totem_of_freezing":1},"minecraft:custom":{"minecraft:time_since_rest":5025,"lootr:looted_stat":4,"minecraft:sprint_one_cm":53157,"minecraft:damage_taken":812,"minecraft:walk_one_cm":37572,"minecraft:mob_kills":7,"minecraft:drop":3,"minecraft:damage_dealt":1392,"minecraft:interact_with_crafting_table":4,"minecraft:fly_one_cm":121886,"minecraft:crouch_one_cm":167,"minecraft:play_time":16784,"minecraft:deaths":1,"minecraft:sneak_time":25,"minecraft:damage_dealt_resisted":0,"minecraft:jump":422,"minecraft:leave_game":1,"minecraft:walk_on_water_one_cm":317,"minecraft:time_since_death":4851,"minecraft:sleep_in_bed":1,"minecraft:total_world_time":16784,"minecraft:hex":0,"minecraft:fall_one_cm":14109},"minecraft:killed":{"minecraft:zombie":3,"minecraft:pig":2,"graveyard:revenant":1,"friendsandfoes:iceologer":1},"minecraft:used":{"minecraft:wooden_axe":31,"minecraft:stone_sword":26,"minecraft:bread":11,"minecraft:spruce_planks":1,"minecraft:wooden_pickaxe":9,"minecraft:blue_bed":1,"minecraft:crafting_table":5,"minecraft:spruce_fence":1},"minecraft:crafted":{"minecraft:crafting_table":1,"minecraft:spruce_planks":124,"minecraft:stick":12,"minecraft:wooden_pickaxe":1,"minecraft:stone_pickaxe":1,"minecraft:wooden_axe":1}},"DataVersion":3465}