{"stats":{"minecraft:mined":{"minecraft:blue_ice":1,"minecraft:spruce_log":2,"minecraft:powder_snow":1,"treechop:chopped_log":1,"regions_unexplored:frozen_grass":2,"minecraft:crafting_table":1,"regions_unexplored:silt_dirt":3,"minecraft:spruce_leaves":1},"minecraft:killed_by":{"minecraft:vindicator":1,"minecraft:ravager":1,"frostiful:chillager":1},"minecraft:picked_up":{"minecraft:stick":1,"minecraft:crafting_table":1,"regions_unexplored:silt_dirt":3,"minecraft:spruce_log":9,"mcda:frost_crystal":1,"minecraft:spruce_planks":2,"twigs:twig":1},"minecraft:custom":{"minecraft:time_since_rest":3369,"minecraft:sprint_one_cm":46633,"minecraft:damage_taken":955,"minecraft:walk_one_cm":17192,"minecraft:damage_blocked_by_shield":70,"minecraft:damage_dealt":507,"minecraft:swim_one_cm":4710,"minecraft:interact_with_crafting_table":2,"minecraft:fly_one_cm":158803,"minecraft:player_kills":1,"minecraft:crouch_one_cm":208,"minecraft:play_time":13136,"minecraft:deaths":3,"minecraft:sneak_time":157,"minecraft:walk_under_water_one_cm":609,"minecraft:jump":497,"minecraft:leave_game":1,"minecraft:time_since_death":3295,"minecraft:walk_on_water_one_cm":251,"minecraft:total_world_time":13136,"minecraft:hex":0,"minecraft:fall_one_cm":10574},"minecraft:killed":{"minecraft:player":1},"minecraft:used":{"regions_unexplored:silt_dirt":3,"minecraft:wooden_axe":3,"minecraft:stone_sword":27,"minecraft:spruce_planks":2,"minecraft:shield":7,"minecraft:crafting_table":2},"minecraft:crafted":{"minecraft:crafting_table":1,"minecraft:spruce_planks":36,"minecraft:stick":4,"minecraft:wooden_axe":1}},"DataVersion":3465}