{"stats":{"minecraft:killed":{"minecraft:spider":1,"minecraft:zombie":1},"minecraft:used":{"minecraft:stone_sword":18},"minecraft:picked_up":{"minecraft:wheat_seeds":1,"minecraft:string":2},"minecraft:killed_by":{"mythicmobs:chupacabra":1,"minecraft:ravager":2,"minecraft:player":1},"minecraft:custom":{"minecraft:time_since_rest":552,"minecraft:deaths":4,"minecraft:crouch_one_cm":108,"minecraft:sprint_one_cm":17510,"minecraft:play_time":11303,"minecraft:damage_taken":1257,"minecraft:walk_one_cm":12586,"minecraft:sneak_time":20,"minecraft:mob_kills":2,"minecraft:jump":176,"minecraft:damage_dealt":536,"minecraft:leave_game":2,"minecraft:time_since_death":512,"minecraft:total_world_time":11303,"minecraft:hex":0,"minecraft:fall_one_cm":6022,"minecraft:fly_one_cm":44721}},"DataVersion":3465}