{"stats":{"minecraft:mined":{"regions_unexplored:medium_grass":1,"minecraft:spruce_leaves":1,"regions_unexplored:silt_dirt":8,"regions_unexplored:silt_grass_block":2},"minecraft:picked_up":{"regions_unexplored:silt_dirt":10},"minecraft:custom":{"minecraft:jump":108,"minecraft:time_since_rest":5876,"minecraft:walk_on_water_one_cm":1021,"minecraft:sprint_one_cm":12201,"minecraft:play_time":5876,"minecraft:damage_taken":270,"minecraft:time_since_death":5876,"minecraft:walk_one_cm":2551,"minecraft:sneak_time":17,"minecraft:total_world_time":5876,"minecraft:walk_under_water_one_cm":179,"minecraft:hex":0,"minecraft:swim_one_cm":2632,"minecraft:fall_one_cm":3914,"minecraft:fly_one_cm":22002},"minecraft:used":{"minecraft:bread":2,"regions_unexplored:silt_dirt":4}},"DataVersion":3465}